{
  "movie": [
    null,
    {
      "banner": "https://cdn.jwplayer.com/v2/media/HaaRaHcf/poster.jpg?width=480",
      "featured": true,
      "id": 1,
      "image": "https://cdn.moviefone.com/admin-uploads/posters/mrharrigans-phone-movie-poster_1665252016.jpg?d=360x540&q=80",
      "title": "Mr. Harrigan's Phone",
      "url": "https://www.moviefone.com/movie/mrharrigans-phone/iRT0UyhGew0Ud2ZwWXpYJ6/main/"
    },
    {
      "banner": "https://cdn.jwplayer.com/v2/media/3LjXuFGR/poster.jpg?width=480",
      "favorite": {
        "1673005075663": {
          "emailUser": "mixproduction29932@gmail.com",
          "id": 1673005075663
        }
      },
      "featured": true,
      "id": 2,
      "image": "https://cdn.moviefone.com/admin-uploads/posters/super-pets-movie-poster_1656124357.jpg?d=360x540&q=50",
      "title": "Dc Super-Pets",
      "url": "https://www.moviefone.com/movie/dc-league-of-super-pets/C0oOg0FfnQQujCsLndeQS6/main/"
    },
    {
      "banner": "https://cdn.jwplayer.com/v2/media/UoxmRMI5/poster.jpg?width=480",
      "favorite": {
        "1673005077200": {
          "emailUser": "mixproduction29932@gmail.com",
          "id": 1673005077200
        }
      },
      "featured": true,
      "id": 3,
      "image": "https://cdn.moviefone.com/admin-uploads/posters/bullettrain-movie-poster_1654108649.jpg?d=360x540&q=50",
      "title": "Bullet Train",
      "url": "https://www.moviefone.com/movie/bullet-train/4uWgd3i0nzMxQtEx3yZZ47/main/"
    },
    {
      "banner": "https://cdn.jwplayer.com/v2/media/19DcJKGi/poster.jpg?width=480",
      "favorite": {
        "1673004789177": {
          "emailUser": "tin@gmail.com",
          "id": 1673004789177
        },
        "1673004856089": {
          "emailUser": "test@gmail.com",
          "id": 1673004856089
        },
        "1673005073898": {
          "emailUser": "mixproduction29932@gmail.com",
          "id": 1673005073898
        }
      },
      "featured": true,
      "history": {
        "1673004642534": {
          "emailUser": "test@gmail.com",
          "id": 1673004642534
        },
        "1673004789180": {
          "emailUser": "tin@gmail.com",
          "id": 1673004789180
        },
        "1673005276640": {
          "emailUser": "mixproduction29932@gmail.com",
          "id": 1673005276640
        }
      },
      "id": 4,
      "image": "https://cdn.moviefone.com/admin-uploads/posters/pawsoffury-movie-poster_1654792405.jpg?d=360x540&q=50",
      "title": "Paws of Fury",
      "url": "https://www.moviefone.com/movie/blazing-samurai/20089321/main/"
    },
    {
      "banner": "https://cdn.jwplayer.com/v2/media/8KYJBUf7/poster.jpg?width=480",
      "favorite": {
        "1673004625986": {
          "emailUser": "test@gmail.com",
          "id": 1673004625986
        },
        "1673005071599": {
          "emailUser": "mixproduction29932@gmail.com",
          "id": 1673005071599
        }
      },
      "featured": true,
      "history": {
        "1673004635951": {
          "emailUser": "test@gmail.com",
          "id": 1673004635951
        },
        "1673005268643": {
          "emailUser": "mixproduction29932@gmail.com",
          "id": 1673005268643
        }
      },
      "id": 5,
      "image": "https://cdn.moviefone.com/admin-uploads/posters/anythingspossible-movie-poster_1655493087.jpg?d=360x540&q=50",
      "title": "Anything’s Possible",
      "url": "https://www.moviefone.com/movie/what-if/tRqDBzb9nqngP4cBjb4Su/main/"
    },
    {
      "favorite": {
        "1673005086190": {
          "emailUser": "mixproduction29932@gmail.com",
          "id": 1673005086190
        }
      },
      "history": {
        "1673005265630": {
          "emailUser": "mixproduction29932@gmail.com",
          "id": 1673005265630
        }
      },
      "id": 6,
      "image": "https://cdn.moviefone.com/image-assets/809107/vqzdv4nArhuZxd7il0boKaVxQMF.jpg?d=360x540&q=50",
      "title": "Z-O-M-B-I-E-S 3",
      "url": "https://www.moviefone.com/movie/z-o-m-b-i-e-s-3/zjRJPml4gWbGBDRMnRoUE6/main/"
    },
    {
      "history": {
        "1673005259229": {
          "emailUser": "mixproduction29932@gmail.com",
          "id": 1673005259229
        }
      },
      "id": 7,
      "image": "https://cdn.moviefone.com/image-assets/762968/akIjKJDHcVN4bzifcEarKVPNpoa.jpg?d=360x540&q=80",
      "title": "Do Revenge",
      "url": "https://www.moviefone.com/movie/strangers/1E5x0XAgbjl3wk7Wbcetf7/main/"
    },
    {
      "favorite": {
        "1673004501798": {
          "emailUser": "tin@gmail.com",
          "id": 1673004501798
        }
      },
      "history": {
        "1673004050229": {
          "emailUser": "tin@gmail.com",
          "id": 1673004050229
        },
        "1673004731341": {
          "emailUser": "test@gmail.com",
          "id": 1673004731341
        },
        "1673005256342": {
          "emailUser": "mixproduction29932@gmail.com",
          "id": 1673005256342
        }
      },
      "id": 8,
      "image": "https://cdn.moviefone.com/admin-uploads/posters/i-came-by-movie-poster_1663785126.jpg?d=360x540&q=80",
      "title": "I Came By",
      "url": "https://www.moviefone.com/movie/i-came-by/P2mpar26Jew7lmHQZOk3L2/main/"
    },
    {
      "favorite": {
        "1673004492127": {
          "emailUser": "tin@gmail.com",
          "id": 1673004492127
        },
        "1673005069380": {
          "emailUser": "mixproduction29932@gmail.com",
          "id": 1673005069380
        }
      },
      "history": {
        "1673004033758": {
          "emailUser": "tin@gmail.com",
          "id": 1673004033758
        },
        "1673004714865": {
          "emailUser": "test@gmail.com",
          "id": 1673004714865
        },
        "1673005250659": {
          "emailUser": "mixproduction29932@gmail.com",
          "id": 1673005250659
        }
      },
      "id": 9,
      "image": "https://cdn.moviefone.com/admin-uploads/posters/hocuspocus-movie-poster_1656434075.jpg?d=360x540&q=80",
      "title": "Hocus Pocus 2",
      "url": "https://www.moviefone.com/movie/hocus-pocus-2/SobUrjjSsYRoz7A0DQ3177/main/"
    }
  ]
}