{
  "project_info": {
    "project_number": "812641300361",
    "firebase_url": "https://moviewebviewpro-274f5-default-rtdb.firebaseio.com",
    "project_id": "moviewebviewpro-274f5",
    "storage_bucket": "moviewebviewpro-274f5.appspot.com"
  },
  "client": [
    {
      "client_info": {
        "mobilesdk_app_id": "1:812641300361:android:8feac135ac148d7f2cbb58",
        "android_client_info": {
          "package_name": "com.doanandroind.movie"
        }
      },
      "oauth_client": [],
      "api_key": [
        {
          "current_key": "AIzaSyASkmCthK3GUDyjdB-hYvaqCoNWweypXww"
        }
      ],
      "services": {
        "appinvite_service": {
          "other_platform_oauth_client": []
        }
      }
    },
    {
      "client_info": {
        "mobilesdk_app_id": "1:812641300361:android:bbdedb8293138c8d2cbb58",
        "android_client_info": {
          "package_name": "com.pro.movie"
        }
      },
      "oauth_client": [],
      "api_key": [
        {
          "current_key": "AIzaSyASkmCthK3GUDyjdB-hYvaqCoNWweypXww"
        }
      ],
      "services": {
        "appinvite_service": {
          "other_platform_oauth_client": []
        }
      }
    }
  ],
  "configuration_version": "1"
}